{
  "best_strat": {
    "resp": "diff_spectral",
    "card": "fused_agree"
  },
  "ba_stats": {
    "resp": {
      "bias": -0.27119121156981324,
      "sd": 2.282852210317252,
      "loa_lo": -4.745581543791627,
      "loa_hi": 4.203199120652001,
      "mae": 1.086087248263242,
      "n": 9260.0
    },
    "card": {
      "bias": -0.572115780485625,
      "sd": 11.988540158123682,
      "loa_lo": -24.06965449040804,
      "loa_hi": 22.92542292943679,
      "mae": 3.9140070030777494,
      "n": 9318.0
    }
  }
}